DeviceId,AssociationTimeSeconds
3727997259,17.6221
1388083455,13.114
2719226280,8.61521
3911074052,10.9146
3262372767,21.4181
2108180232,17.6217
2860522657,19.1185
4084435556,16.819
2396095435,14.5196
665598295,23.7163
2924823457,17.8133
239509289,10.7138
3131232676,13.1227
253678657,10.8142
146844477,17.7129
795636533,20.1129
407392516,8.51479
3237656979,15.4131
36428997,17.7213
1062678295,19.9217
