DeviceId,AssociationTimeSeconds
3727997259,13.0131
1388083455,13.1133
2719226280,13.1188
3911074052,8.52229
3262372767,14.5167
2108180232,15.4196
2860522657,17.7165
4084435556,17.7221
2396095435,10.9152
665598295,10.9213
2924823457,4.92146
239509289,16.8196
3131232676,10.8135
253678657,17.7223
146844477,20.0217
795636533,20.0129
407392516,16.8223
3237656979,10.8227
36428997,17.719
1062678295,10.8175
