DeviceId,AssociationTimeSeconds
3727997259,17.1202
1388083455,7.31417
2719226280,7.31875
3911074052,10.9188
3262372767,5.01833
2108180232,5.01583
2860522657,8.62125
4084435556,5.0175
2396095435,9.61604
665598295,10.9213
2924823457,19.4144
239509289,4.91813
3131232676,19.4169
253678657,17.1131
146844477,17.1158
795636533,7.11438
407392516,4.92146
3237656979,14.8202
36428997,10.9225
1062678295,8.61604
